<?xml version="1.0" encoding="UTF-8"?>
<project-private xmlns="http://www.netbeans.org/ns/project-private/1">
    <editor-bookmarks xmlns="http://www.netbeans.org/ns/editor-bookmarks/2" lastBookmarkId="0"/>
    <open-files xmlns="http://www.netbeans.org/ns/projectui-open-files/2">
        <group>
            <file>file:/home/alberto_angie/NetBeansProjects/WebDatos/web/listadoGeneral.jsp</file>
            <file>file:/home/alberto_angie/NetBeansProjects/WebDatos/web/pagInsercion.jsp</file>
            <file>file:/home/alberto_angie/NetBeansProjects/WebDatos/web/pagInsertar.jsp</file>
            <file>file:/home/alberto_angie/NetBeansProjects/WebDatos/web/listadoGeneral_Clase.jsp</file>
            <file>file:/home/alberto_angie/NetBeansProjects/WebDatos/src/java/clases/ProcesosEstudiantes.java</file>
        </group>
    </open-files>
</project-private>
